entry	0001e710	96	true
FUN_0001e770	0001e770	120	true
FUN_0001e7e8	0001e7e8	128	true
FUN_0001e894	0001e894	64	true
FUN_0001e8dc	0001e8dc	36	true
FUN_0001e904	0001e904	144	true
FUN_0001e998	0001e998	56	true
FUN_0001e9d8	0001e9d8	132	true
FUN_0001ec18	0001ec18	52	true
FUN_0001ec54	0001ec54	12	true
FUN_0001ec60	0001ec60	164	true
FUN_0001ed04	0001ed04	40	true
FUN_0001ed30	0001ed30	124	true
FUN_0001edac	0001edac	156	true
FUN_0001ee48	0001ee48	32	true
FUN_0001ee6c	0001ee6c	92	true
FUN_0001eee4	0001eee4	20	true
FUN_0001eef8	0001eef8	20	true
FUN_0001ef0c	0001ef0c	20	true
FUN_0001f0d0	0001f0d0	472	true
FUN_0001f40c	0001f40c	40	true
FUN_0001f434	0001f434	44	true
FUN_0001f460	0001f460	80	true
FUN_0001f4b0	0001f4b0	104	true
FUN_0001f520	0001f520	116	true
FUN_0001f5b8	0001f5b8	108	true
FUN_0001f64c	0001f64c	36	true
FUN_0001f820	0001f820	16	true
FUN_0001f830	0001f830	36	true
FUN_0001f854	0001f854	36	true
FUN_0001f878	0001f878	16	true
FUN_0001f898	0001f898	12	true
FUN_0001f8a4	0001f8a4	292	true
FUN_0001f9c8	0001f9c8	68	true
FUN_0001fb30	0001fb30	20	true
FUN_0001fb78	0001fb78	124	true
FUN_0001fbf4	0001fbf4	8	true
FUN_0001fc04	0001fc04	44	true
FMOD::Segment::quantizeTime	0001fc30	1252	true
FUN_00020124	00020124	596	true
FUN_00020378	00020378	64	true
FUN_000203b8	000203b8	32	true
FUN_000203dc	000203dc	32	true
FUN_00020400	00020400	32	true
FUN_00020424	00020424	32	true
FUN_00020448	00020448	32	true
FUN_0002046c	0002046c	132	true
FUN_000204f0	000204f0	140	true
FUN_00020770	00020770	48	true
FUN_000207a4	000207a4	32	true
FUN_000207c8	000207c8	16	true
FUN_000207dc	000207dc	12	true
FUN_00020860	00020860	108	true
FUN_00020954	00020954	40	true
FUN_00020984	00020984	40	true
FUN_000209b4	000209b4	40	true
FUN_00020a14	00020a14	92	true
FUN_00020a70	00020a70	264	true
FUN_00020b80	00020b80	252	true
FUN_00020c8c	00020c8c	172	true
FUN_00020d48	00020d48	56	true
FUN_00020d80	00020d80	168	true
FUN_00020e38	00020e38	56	true
FUN_00020e70	00020e70	464	true
FUN_00021240	00021240	60	true
FUN_0002127c	0002127c	96	true
FUN_000212dc	000212dc	44	true
FUN_00021378	00021378	168	true
FUN_000213b0	000213b0	512	true
FUN_00021680	00021680	432	true
FUN_00021954	00021954	360	true
FUN_00021ac4	00021ac4	520	true
FUN_00021d18	00021d18	192	true
FUN_00021f30	00021f30	180	true
FUN_000220a4	000220a4	96	true
FUN_00022104	00022104	56	true
FUN_0002213c	0002213c	228	true
FUN_00022230	00022230	36	true
FUN_00022360	00022360	32	true
FUN_00022380	00022380	60	true
FUN_000223bc	000223bc	36	true
FUN_000223e0	000223e0	48	true
FUN_00022410	00022410	48	true
FUN_00022440	00022440	48	true
FUN_00022470	00022470	68	true
FUN_000224bc	000224bc	68	true
FUN_00022508	00022508	80	true
FUN_00022c00	00022c00	64	true
FUN_00022c48	00022c48	36	true
FUN_00022c6c	00022c6c	104	true
FUN_00022d24	00022d24	120	true
FUN_00022d9c	00022d9c	60	true
FUN_00022e3c	00022e3c	108	true
FUN_00022fe0	00022fe0	20	true
FUN_00022ff4	00022ff4	20	true
FUN_00023008	00023008	20	true
FUN_0002301c	0002301c	20	true
FUN_00023030	00023030	20	true
FUN_00023044	00023044	20	true
FUN_00023058	00023058	20	true
FUN_0002306c	0002306c	20	true
FUN_00023080	00023080	332	true
FUN_0002321c	0002321c	212	true
FUN_000232f0	000232f0	212	true
FUN_000233c4	000233c4	148	true
FUN_000234a8	000234a8	72	true
FUN_00023520	00023520	148	true
FUN_000235b4	000235b4	152	true
FUN_00023660	00023660	152	true
FUN_0002370c	0002370c	152	true
FUN_000237ac	000237ac	140	true
FUN_0002384c	0002384c	140	true
FUN_000238ec	000238ec	140	true
FUN_0002398c	0002398c	148	true
FUN_00023a34	00023a34	140	true
FUN_00023bcc	00023bcc	360	true
FUN_00023d34	00023d34	220	true
FUN_00023e18	00023e18	388	true
FUN_00023fa4	00023fa4	224	true
FUN_00024128	00024128	56	true
FUN_00024170	00024170	584	true
FUN_000243e4	000243e4	760	true
FUN_00024704	00024704	40	true
FUN_0002472c	0002472c	40	true
FUN_00024754	00024754	40	true
FUN_0002477c	0002477c	40	true
FUN_000247a4	000247a4	40	true
FUN_000247cc	000247cc	40	true
FUN_000247f4	000247f4	52	true
FUN_00024828	00024828	112	true
FUN_00024898	00024898	68	true
FUN_000248dc	000248dc	100	true
FUN_00024948	00024948	96	true
FUN_000249b4	000249b4	152	true
FUN_00024a54	00024a54	100	true
FUN_00024d90	00024d90	624	true
FUN_00025014	00025014	656	true
FUN_000252b4	000252b4	744	true
FUN_000255bc	000255bc	372	true
FUN_00025748	00025748	1368	true
FUN_00025cdc	00025cdc	900	true
FUN_000260dc	000260dc	276	true
FUN_000261f0	000261f0	132	true
FUN_00026274	00026274	180	true
FUN_00026328	00026328	96	true
FUN_000263e4	000263e4	80	true
FUN_0002643c	0002643c	328	true
FUN_00026598	00026598	100	true
FUN_00026608	00026608	116	true
FUN_000266e0	000266e0	112	true
FUN_00026758	00026758	100	true
FUN_000267d0	000267d0	576	true
FUN_00026a30	00026a30	44	true
FUN_00026a5c	00026a5c	100	true
FUN_00026acc	00026acc	204	true
FUN_00026ba0	00026ba0	244	true
FUN_00026c98	00026c98	72	true
FUN_00026dbc	00026dbc	620	true
FUN_00027064	00027064	240	true
FUN_00027168	00027168	152	true
FUN_00027208	00027208	100	true
FUN_00027280	00027280	20	true
FUN_0002729c	0002729c	20	true
FUN_000272b8	000272b8	20	true
FUN_000272d4	000272d4	20	true
FUN_000272f0	000272f0	20	true
FUN_0002730c	0002730c	20	true
FUN_00027328	00027328	20	true
FUN_00027518	00027518	476	true
FUN_000276f4	000276f4	48	true
FUN_00027724	00027724	348	true
FUN_00027894	00027894	96	true
FUN_000279ac	000279ac	832	true
FUN_00027d08	00027d08	484	true
FUN_00027f10	00027f10	948	true
FUN_000282fc	000282fc	908	true
FUN_000286a8	000286a8	512	true
FMOD_EventProject_Release	000288cc	36	true
FMOD_EventProject_GetInfo	000288f0	36	true
FMOD_EventProject_GetGroup	00028914	44	true
FMOD_EventProject_GetGroupByIndex	00028940	44	true
FMOD_EventProject_GetNumGroups	0002896c	36	true
FMOD_EventProject_GetEvent	00028990	36	true
FMOD_EventProject_GetEventByProjectID	000289b4	36	true
FMOD_EventProject_GetNumEvents	000289d8	36	true
FMOD_EventProject_LoadSampleData	000289fc	56	true
FMOD_EventProject_StopAllEvents	00028a34	44	true
FMOD_EventProject_CancelAllLoads	00028a60	36	true
FMOD_EventProject_SetUserData	00028a84	36	true
FMOD_EventProject_GetUserData	00028aa8	36	true
FMOD_EventProject_GetMemoryInfo	00028acc	48	true
FMOD_EventGroup_GetInfo	00028afc	36	true
FMOD_EventGroup_LoadEventData	00028b20	36	true
FMOD_EventGroup_FreeEventData	00028b44	44	true
FMOD_EventGroup_GetGroup	00028b70	44	true
FMOD_EventGroup_GetGroupByIndex	00028b9c	44	true
FMOD_EventGroup_GetParentGroup	00028bc8	36	true
FMOD_EventGroup_GetParentProject	00028bec	36	true
FMOD_EventGroup_GetNumGroups	00028c10	36	true
FMOD_EventGroup_GetEvent	00028c34	36	true
FMOD_EventGroup_GetEventByIndex	00028c58	36	true
FMOD_EventGroup_GetNumEvents	00028c7c	36	true
FMOD_EventGroup_GetProperty	00028ca0	36	true
FMOD_EventGroup_GetPropertyByIndex	00028cc4	36	true
FMOD_EventGroup_GetNumProperties	00028ce8	36	true
FMOD_EventGroup_GetState	00028d0c	36	true
FMOD_EventGroup_SetUserData	00028d30	36	true
FMOD_EventGroup_GetUserData	00028d54	36	true
FMOD_EventGroup_GetMemoryInfo	00028d78	48	true
FMOD_EventCategory_GetInfo	00028da8	36	true
FMOD_EventCategory_GetCategory	00028dcc	36	true
FMOD_EventCategory_GetCategoryByIndex	00028df0	36	true
FMOD_EventCategory_GetNumCategories	00028e14	36	true
FMOD_EventCategory_GetEventByIndex	00028e38	36	true
FMOD_EventCategory_GetNumEvents	00028e5c	36	true
FMOD_EventCategory_GetParentCategory	00028e80	36	true
FMOD_EventCategory_StopAllEvents	00028ea4	36	true
FMOD_EventCategory_SetVolume	00028ec8	36	true
FMOD_EventCategory_GetVolume	00028eec	36	true
FMOD_EventCategory_SetPitch	00028f10	36	true
FMOD_EventCategory_GetPitch	00028f34	36	true
FMOD_EventCategory_SetPaused	00028f58	44	true
FMOD_EventCategory_GetPaused	00028f84	68	true
FMOD_EventCategory_SetMute	00028fc8	44	true
FMOD_EventCategory_GetMute	00028ff4	68	true
FMOD_EventCategory_GetChannelGroup	00029038	36	true
FMOD_EventCategory_SetUserData	0002905c	36	true
FMOD_EventCategory_GetUserData	00029080	36	true
FMOD_EventCategory_GetMemoryInfo	000290a4	48	true
FMOD_EventReverb_Release	000290d4	36	true
FMOD_EventReverb_Set3DAttributes	000290f8	36	true
FMOD_EventReverb_Get3DAttributes	0002911c	36	true
FMOD_EventReverb_SetProperties	00029140	36	true
FMOD_EventReverb_GetProperties	00029164	36	true
FMOD_EventReverb_SetActive	00029188	44	true
FMOD_EventReverb_GetActive	000291b4	68	true
FMOD_EventReverb_SetUserData	000291f8	36	true
FMOD_EventReverb_GetUserData	0002921c	36	true
FMOD_EventReverb_GetMemoryInfo	00029240	48	true
FMOD_EventQueue_Release	00029270	36	true
FMOD_EventQueue_Add	00029294	44	true
FMOD_EventQueue_Remove	000292c0	36	true
FMOD_EventQueue_RemoveHead	000292e4	36	true
FMOD_EventQueue_Clear	00029308	44	true
FMOD_EventQueue_FindFirstEntry	00029334	36	true
FMOD_EventQueue_FindNextEntry	00029358	36	true
FMOD_EventQueue_SetPaused	0002937c	44	true
FMOD_EventQueue_GetPaused	000293a8	68	true
FMOD_EventQueue_IncludeDuckingCategory	000293ec	56	true
FMOD_EventQueue_ExcludeDuckingCategory	00029424	36	true
FMOD_EventQueue_SetCallback	00029448	36	true
FMOD_EventQueue_SetUserData	0002946c	36	true
FMOD_EventQueue_GetUserData	00029490	36	true
FMOD_EventQueue_Dump	000294b4	36	true
FMOD_EventQueue_GetMemoryInfo	000294d8	48	true
FMOD_EventQueueEntry_Release	00029508	36	true
FMOD_EventQueueEntry_GetInfoOnlyEvent	0002952c	36	true
FMOD_EventQueueEntry_GetRealEvent	00029550	36	true
FMOD_EventQueueEntry_SetPriority	00029574	36	true
FMOD_EventQueueEntry_GetPriority	00029598	36	true
FMOD_EventQueueEntry_SetExpiryTime	000295bc	36	true
FMOD_EventQueueEntry_GetExpiryTime	000295e0	36	true
FMOD_EventQueueEntry_SetDelayTime	00029604	36	true
FMOD_EventQueueEntry_GetDelayTime	00029628	36	true
FMOD_EventQueueEntry_SetInterrupt	0002964c	44	true
FMOD_EventQueueEntry_GetInterrupt	00029678	68	true
FMOD_EventQueueEntry_SetCrossfadeTime	000296bc	36	true
FMOD_EventQueueEntry_GetCrossfadeTime	000296e0	36	true
FMOD_EventQueueEntry_SetUserData	00029704	36	true
FMOD_EventQueueEntry_GetUserData	00029728	36	true
FMOD_EventQueueEntry_GetMemoryInfo	0002974c	48	true
FMOD_MusicSystem_Reset	0002977c	36	true
FMOD_MusicSystem_SetVolume	000297a0	36	true
FMOD_MusicSystem_GetVolume	000297c4	36	true
FMOD_MusicSystem_SetReverbProperties	000297e8	36	true
FMOD_MusicSystem_GetReverbProperties	0002980c	36	true
FMOD_MusicSystem_SetPaused	00029830	44	true
FMOD_MusicSystem_GetPaused	0002985c	68	true
FMOD_MusicSystem_SetMute	000298a0	44	true
FMOD_MusicSystem_GetMute	000298cc	68	true
FMOD_MusicSystem_GetInfo	00029910	36	true
FMOD_MusicSystem_PromptCue	00029934	36	true
FMOD_MusicSystem_PrepareCue	00029958	36	true
FMOD_MusicSystem_GetParameterValue	0002997c	36	true
FMOD_MusicSystem_SetParameterValue	000299a0	36	true
FMOD_MusicSystem_GetCues	000299c4	36	true
FMOD_MusicSystem_GetNextCue	000299e8	36	true
FMOD_MusicSystem_GetParameters	00029a0c	36	true
FMOD_MusicSystem_GetNextParameter	00029a30	36	true
FMOD_MusicSystem_LoadSoundData	00029a54	36	true
FMOD_MusicSystem_FreeSoundData	00029a78	44	true
FMOD_MusicSystem_SetCallback	00029aa4	36	true
FMOD_MusicSystem_GetMemoryInfo	00029ac8	48	true
FMOD_MusicPrompt_Release	00029af8	36	true
FMOD_MusicPrompt_Begin	00029b1c	36	true
FMOD_MusicPrompt_End	00029b40	36	true
FMOD_MusicPrompt_IsActive	00029b64	68	true
FMOD_MusicPrompt_GetMemoryInfo	00029ba8	48	true
FMOD_EventParameter_GetMemoryInfo	00029bd8	40	true
FMOD_EventParameter_DisableAutomation	00029bf4	40	true
FMOD_EventParameter_KeyOff	00029c10	32	true
FMOD_EventParameter_GetUserData	00029c24	32	true
FMOD_EventParameter_SetUserData	00029c38	32	true
FMOD_EventParameter_GetSeekSpeed	00029c4c	32	true
FMOD_EventParameter_SetSeekSpeed	00029c60	32	true
FMOD_EventParameter_GetVelocity	00029c74	32	true
FMOD_EventParameter_SetVelocity	00029c88	32	true
FMOD_EventParameter_GetValue	00029c9c	32	true
FMOD_EventParameter_SetValue	00029cb0	32	true
FMOD_EventParameter_GetRange	00029cc4	32	true
FMOD_EventParameter_GetInfo	00029cd8	32	true
FMOD_Event_GetMemoryInfo	00029cec	40	true
FMOD_Event_GetUserData	00029d08	32	true
FMOD_Event_SetUserData	00029d1c	32	true
FMOD_Event_GetReverbProperties	00029d30	32	true
FMOD_Event_SetReverbProperties	00029d44	32	true
FMOD_Event_Get3DOcclusion	00029d58	32	true
FMOD_Event_Set3DOcclusion	00029d6c	32	true
FMOD_Event_Get3DAttributes	00029d80	32	true
FMOD_Event_Set3DAttributes	00029d94	32	true
FMOD_Event_GetMute	00029da8	60	true
FMOD_Event_SetMute	00029de4	40	true
FMOD_Event_GetPaused	00029e00	60	true
FMOD_Event_SetPaused	00029e3c	28	true
FMOD_Event_GetPitch	00029e58	32	true
FMOD_Event_SetPitch	00029e6c	32	true
FMOD_Event_GetVolume	00029e80	32	true
FMOD_Event_SetVolume	00029e94	32	true
FMOD_Event_GetCategory	00029ea8	32	true
FMOD_Event_GetPropertyInfo	00029ebc	32	true
FMOD_Event_GetNumProperties	00029ed0	32	true
FMOD_Event_SetPropertyByIndex	00029ee4	40	true
FMOD_Event_SetProperty	00029f00	40	true
FMOD_Event_GetPropertyByIndex	00029f1c	40	true
FMOD_Event_GetProperty	00029f38	40	true
FMOD_Event_GetNumParameters	00029f54	32	true
FMOD_Event_GetParameterByIndex	00029f68	32	true
FMOD_Event_GetParameter	00029f7c	32	true
FMOD_Event_SetCallback	00029f90	20	true
FMOD_Event_GetChannelGroup	00029fa4	32	true
FMOD_Event_GetParentGroup	00029fb8	20	true
FMOD_Event_GetState	00029fcc	20	true
FMOD_Event_GetInfo	00029fe0	20	true
FMOD_Event_Stop	00029ff4	28	true
FMOD_Event_Start	0002a010	20	true
FMOD_Event_Release	0002a024	48	true
FMOD_EventSystem_GetMemoryInfo	0002a048	40	true
FMOD_EventSystem_UnloadFSB	0002a064	32	true
FMOD_EventSystem_PreloadFSB	0002a078	48	true
FMOD_EventSystem_GetUserData	0002a09c	32	true
FMOD_EventSystem_SetUserData	0002a0b0	32	true
FMOD_EventSystem_Get3DListenerAttributes	0002a0c4	52	true
FMOD_EventSystem_Set3DListenerAttributes	0002a0ec	52	true
FMOD_EventSystem_Get3DNumListeners	0002a114	32	true
FMOD_EventSystem_Set3DNumListeners	0002a128	32	true
FMOD_EventSystem_CreateEventQueueEntry	0002a13c	32	true
FMOD_EventSystem_CreateEventQueue	0002a150	32	true
FMOD_EventSystem_GetReverbAmbientProperties	0002a164	32	true
FMOD_EventSystem_SetReverbAmbientProperties	0002a178	32	true
FMOD_EventSystem_CreateReverb	0002a18c	32	true
FMOD_EventSystem_GetNumReverbPresets	0002a1a0	32	true
FMOD_EventSystem_GetReverbPresetByIndex	0002a1b4	32	true
FMOD_EventSystem_GetReverbPreset	0002a1c8	32	true
FMOD_EventSystem_GetReverbProperties	0002a1dc	32	true
FMOD_EventSystem_SetReverbProperties	0002a1f0	32	true
FMOD_EventSystem_GetNumEvents	0002a204	32	true
FMOD_EventSystem_GetEventByGUIDString	0002a218	32	true
FMOD_EventSystem_GetEventByGUID	0002a22c	32	true
FMOD_EventSystem_GetEventBySystemID	0002a240	32	true
FMOD_EventSystem_GetEvent	0002a254	32	true
FMOD_EventSystem_GetGroup	0002a268	40	true
FMOD_EventSystem_GetNumCategories	0002a284	32	true
FMOD_EventSystem_GetMusicCategory	0002a298	32	true
FMOD_EventSystem_GetCategoryByIndex	0002a2ac	32	true
FMOD_EventSystem_GetCategory	0002a2c0	32	true
FMOD_EventSystem_GetNumProjects	0002a2d4	32	true
FMOD_EventSystem_GetProjectByIndex	0002a2e8	32	true
FMOD_EventSystem_GetProject	0002a2fc	32	true
FMOD_EventSystem_Unload	0002a310	32	true
FMOD_EventSystem_Load	0002a324	32	true
FMOD_EventSystem_RegisterDSP	0002a338	32	true
FMOD_EventSystem_GetLanguage	0002a34c	32	true
FMOD_EventSystem_SetLanguage	0002a360	32	true
FMOD_EventSystem_GetMusicSystem	0002a374	32	true
FMOD_EventSystem_GetSystemObject	0002a388	32	true
FMOD_EventSystem_GetInfo	0002a39c	32	true
FMOD_EventSystem_GetVersion	0002a3b0	32	true
FMOD_EventSystem_SetPluginPath	0002a3c4	32	true
FMOD_EventSystem_SetMediaPath	0002a3d8	32	true
FMOD_EventSystem_Update	0002a3ec	32	true
FMOD_EventSystem_Release	0002a400	32	true
FMOD_EventSystem_Init	0002a414	40	true
FUN_0002a494	0002a494	52	true
FUN_0002a4c8	0002a4c8	144	true
FUN_0002a558	0002a558	64	true
FUN_0002a59c	0002a59c	92	true
FUN_0002a5f8	0002a5f8	136	true
FUN_0002a680	0002a680	88	true
FUN_0002a6d8	0002a6d8	36	true
FUN_0002a6fc	0002a6fc	220	true
FUN_0002a7d8	0002a7d8	88	true
FUN_0002a830	0002a830	112	true
FUN_0002a8a0	0002a8a0	56	true
FUN_0002a8d8	0002a8d8	72	true
FUN_0002a920	0002a920	16	true
FUN_0002a930	0002a930	24	true
FUN_0002a948	0002a948	16	true
FUN_0002a958	0002a958	64	true
FUN_0002a998	0002a998	64	true
FUN_0002a9d8	0002a9d8	56	true
FUN_0002aa10	0002aa10	464	true
FMOD::EventI::stop	0002abe0	8	true
FUN_0002abe8	0002abe8	120	true
FMOD::EventI::getParameter	0002ac60	60	true
FMOD::EventI::getParameterByIndex	0002ac9c	52	true
FMOD::EventI::getNumParameters	0002acd0	44	true
FUN_0002acfc	0002acfc	360	true
FUN_0002ae70	0002ae70	288	true
FUN_0002af90	0002af90	288	true
FUN_0002b0b0	0002b0b0	288	true
FUN_0002b1d0	0002b1d0	280	true
FUN_0002b2e8	0002b2e8	304	true
FUN_0002b418	0002b418	388	true
FUN_0002b59c	0002b59c	360	true
FUN_0002b704	0002b704	304	true
FUN_0002b834	0002b834	304	true
FUN_0002b964	0002b964	288	true
FUN_0002ba84	0002ba84	304	true
FUN_0002bbb4	0002bbb4	304	true
FUN_0002bce4	0002bce4	328	true
FUN_0002be34	0002be34	328	true
FUN_0002bf84	0002bf84	480	true
FUN_0002c164	0002c164	308	true
FUN_0002c29c	0002c29c	308	true
FUN_0002c3d4	0002c3d4	364	true
FUN_0002c540	0002c540	120	true
FMOD::EventI::getProperty	0002c63c	84	true
FMOD::EventI::getPropertyByIndex	0002c690	1524	true
FMOD::EventI::setProperty	0002cc14	84	true
FMOD::EventI::getNumProperties	0002cc68	100	true
FMOD::EventI::getPropertyInfo	0002cccc	80	true
FMOD::EventI::getCategory	0002cd1c	76	true
FMOD::EventI::setCallback	0002cd68	268	true
FMOD::EventI::getVolume	0002ce74	24	true
FMOD::EventI::getPitch	0002ce8c	112	true
FMOD::EventI::setPitchRandomization	0002cf08	12	true
FMOD::EventI::getPitchRandomization	0002cf14	24	true
FMOD::EventI::setVolumeRandomization	0002cf2c	12	true
FMOD::EventI::getVolumeRandomization	0002cf38	24	true
FMOD::EventI::getPaused	0002cf50	32	true
FMOD::EventI::getMute	0002cf70	32	true
FMOD::EventI::set3DAttributes	0002cf90	256	true
FMOD::EventI::get3DOcclusion	0002d090	52	true
FMOD::EventI::getState	0002d0c4	412	true
FMOD::EventI::getParentGroup	0002d260	24	true
FMOD::EventI::getChannelGroup	0002d278	36	true
FMOD::EventI::setUserData	0002d29c	12	true
FMOD::EventI::getUserData	0002d2a8	24	true
FUN_0002d2c0	0002d2c0	168	true
FUN_0002d36c	0002d36c	68	true
FUN_0002d5d4	0002d5d4	168	true
FUN_0002d688	0002d688	288	true
FMOD::Event::getMemoryInfo	0002d7b0	84	true
FMOD::Event::getChannelGroup	0002d804	76	true
FMOD::Event::getParentGroup	0002d850	60	true
FMOD::Event::getState	0002d88c	60	true
FMOD::Event::getUserData	0002d8c8	60	true
FMOD::Event::setUserData	0002d904	60	true
FMOD::Event::getReverbProperties	0002d940	60	true
FMOD::Event::setReverbProperties	0002d97c	60	true
FMOD::Event::get3DOcclusion	0002d9b8	68	true
FMOD::Event::set3DOcclusion	0002d9fc	68	true
FMOD::Event::get3DAttributes	0002da40	76	true
FMOD::Event::set3DAttributes	0002da8c	76	true
FMOD::Event::getMute	0002dad8	60	true
FMOD::Event::setMute	0002db14	60	true
FMOD::Event::getPaused	0002db50	60	true
FMOD::Event::setPaused	0002db8c	60	true
FMOD::Event::getPitch	0002dbc8	68	true
FMOD::Event::setPitch	0002dc0c	68	true
FMOD::Event::getVolume	0002dc50	60	true
FMOD::Event::setVolume	0002dc8c	60	true
FMOD::Event::setCallback	0002dcc8	68	true
FMOD::Event::getCategory	0002dd0c	60	true
FMOD::Event::getNumProperties	0002dd48	60	true
FMOD::Event::getPropertyInfo	0002dd84	76	true
FMOD::Event::setPropertyByIndex	0002ddd0	76	true
FMOD::Event::setProperty	0002de1c	76	true
FMOD::Event::getPropertyByIndex	0002de68	76	true
FMOD::Event::getProperty	0002deb4	76	true
FMOD::Event::getNumParameters	0002df00	60	true
FMOD::Event::getParameterByIndex	0002df3c	68	true
FMOD::Event::getParameter	0002df80	68	true
FMOD::Event::stop	0002dfc4	60	true
FMOD::Event::start	0002e000	52	true
FMOD::Event::getInfo	0002e034	76	true
FUN_0002e080	0002e080	216	true
FUN_0002e158	0002e158	300	true
FMOD::EventI::getMemoryInfo	0002e294	196	true
FMOD::EventI::getReverbProperties	0002e358	136	true
FMOD::EventI::setReverbProperties	0002e3e0	340	true
FMOD::EventI::get3DAttributes	0002e53c	124	true
FUN_0002e5b8	0002e5b8	512	true
FMOD::EventI::setMute	0002e7bc	92	true
FUN_0002e818	0002e818	72	true
FUN_0002e860	0002e860	492	true
FMOD::EventI::setPitch	0002ea5c	12	true
FUN_0002ea68	0002ea68	476	true
FMOD::EventI::setVolume	0002ec50	64	true
FUN_0002ec98	0002ec98	184	true
FUN_0002ed58	0002ed58	112	true
FUN_0002edd0	0002edd0	160	true
FUN_0002ee74	0002ee74	788	true
FUN_0002f1a8	0002f1a8	192	true
FUN_0002f26c	0002f26c	176	true
FMOD::EventI::set3DOcclusion	0002f324	8	true
FUN_0002f32c	0002f32c	544	true
FUN_0002f540	0002f540	504	true
FUN_0002f750	0002f750	2536	true
FUN_00030158	00030158	84	true
FUN_000301ac	000301ac	56	true
FMOD::Event::release	000301e4	56	true
FUN_0003021c	0003021c	96	true
FUN_00030238	00030238	328	true
FUN_00030384	00030384	236	true
FMOD::EventI::setPaused	00030478	180	true
FUN_0003052c	0003052c	268	true
FUN_00030638	00030638	116	true
FUN_000306ac	000306ac	256	true
FUN_000307ac	000307ac	52	true
FUN_000307e4	000307e4	1080	true
FUN_00030c54	00030c54	184	true
FUN_00030d20	00030d20	852	true
FUN_000310c0	000310c0	132	true
FMOD::EventI::getInfo	00031148	980	true
FUN_0003151c	0003151c	152	true
FUN_000315c8	000315c8	276	true
FUN_000316ec	000316ec	304	true
FUN_0003181c	0003181c	304	true
FUN_0003194c	0003194c	520	true
FUN_00031b58	00031b58	136	true
FUN_00031bec	00031bec	348	true
FMOD::EventI::setPropertyByIndex	00031d4c	1976	true
FUN_00032504	00032504	356	true
FUN_00032678	00032678	428	true
FMOD::EventI::start	00032838	624	true
FUN_00032b08	00032b08	84	true
FUN_00032b64	00032b64	72	true
FMOD::EventCategoryI::getInfo	00032bb0	32	true
FMOD::EventCategoryI::getCategoryByIndex	00032bd0	128	true
FMOD::EventCategoryI::getNumCategories	00032c50	88	true
FMOD::EventCategoryI::getParentCategory	00032ca8	24	true
FMOD::EventCategoryI::getNumEvents	00032cc0	64	true
FMOD::EventCategoryI::getVolume	00032d00	24	true
FMOD::EventCategoryI::getPitch	00032d18	112	true
FMOD::EventCategoryI::getPaused	00032dd8	28	true
FMOD::EventCategoryI::getMute	00032df4	32	true
FMOD::EventCategoryI::getChannelGroup	00032e14	24	true
FMOD::EventCategoryI::setUserData	00032e2c	12	true
FMOD::EventCategoryI::getUserData	00032e38	24	true
FUN_00032e54	00032e54	20	true
FUN_00032e68	00032e68	224	true
FMOD::EventCategoryI::getMemoryInfo	00032f48	196	true
FMOD::EventCategoryI::setMute	0003300c	56	true
FMOD::EventCategoryI::stopAllEvents	00033044	332	true
FUN_00033190	00033190	504	true
FMOD::EventCategoryI::setPaused	00033388	68	true
FMOD::EventCategoryI::setPitch	000333cc	156	true
FMOD::EventCategoryI::setVolume	00033478	84	true
FMOD::EventCategoryI::getEventByIndex	000334d4	180	true
FMOD::EventCategoryI::getCategory	0003358c	336	true
FUN_000336dc	000336dc	484	true
FUN_000338cc	000338cc	140	true
FUN_0003395c	0003395c	452	true
FUN_00033b34	00033b34	144	true
FUN_00033bc4	00033bc4	260	true
FUN_00033cd0	00033cd0	352	true
FUN_00033e30	00033e30	204	true
FUN_00033f0c	00033f0c	1232	true
FUN_000344c0	000344c0	40	true
FUN_000344f0	000344f0	56	true
FUN_0003452c	0003452c	32	true
FUN_0003454c	0003454c	76	true
FUN_0003459c	0003459c	40	true
FUN_000346c4	000346c4	188	true
FUN_00034790	00034790	640	true
FUN_00034a28	00034a28	72	true
FUN_00034a78	00034a78	148	true
FUN_00034b18	00034b18	16	true
FUN_00034b28	00034b28	108	true
FUN_00034b94	00034b94	36	true
FUN_00034c04	00034c04	72	true
FUN_00034c4c	00034c4c	92	true
FUN_00034cac	00034cac	64	true
FMOD::EventGroupI::getInfo	00034cec	32	true
FMOD::EventGroupI::getParentGroup	00034d0c	24	true
FMOD::EventGroupI::getParentProject	00034d24	24	true
FMOD::EventGroupI::getNumGroups	00034d3c	88	true
FMOD::EventGroupI::getNumEvents	00034d94	64	true
FMOD::EventGroupI::getPropertyByIndex	00034dd4	156	true
FMOD::EventGroupI::getNumProperties	00034e70	64	true
FMOD::EventGroupI::getState	00034eb0	196	true
FMOD::EventGroupI::setUserData	00034f74	12	true
FMOD::EventGroupI::getUserData	00034f80	24	true
FUN_00034fe0	00034fe0	48	true
FUN_00035018	00035018	20	true
FUN_0003502c	0003502c	536	true
FMOD::EventGroupI::getMemoryInfo	00035244	196	true
FUN_00035308	00035308	972	true
FUN_00035794	00035794	472	true
FUN_00035988	00035988	220	true
FMOD::EventGroupI::getGroupByIndex	00035a64	176	true
FMOD::EventGroupI::getProperty	00035b14	156	true
FMOD::EventGroupI::getGroup	00035bb0	372	true
FUN_00035d24	00035d24	240	true
FUN_00035e14	00035e14	200	true
FUN_00035edc	00035edc	432	true
FUN_0003608c	0003608c	852	true
FMOD::EventGroupI::freeEventData	00036404	108	true
FUN_00036470	00036470	1056	true
FUN_00036890	00036890	692	true
FMOD::EventGroupI::getEventByIndex	00036b48	168	true
FMOD::EventGroupI::loadEventData	00036bf4	8	true
FUN_00036bfc	00036bfc	196	true
FUN_00036cc8	00036cc8	1148	true
FUN_0003715c	0003715c	524	true
FMOD::EventGroupI::getEvent	00037368	168	true
FUN_00037414	00037414	5268	true
FUN_0003894c	0003894c	64	true
FUN_00038990	00038990	88	true
FUN_000389ec	000389ec	176	true
FUN_00038a9c	00038a9c	64	true
FUN_00038af0	00038af0	60	true
FUN_00038b2c	00038b2c	20	true
FUN_00038be0	00038be0	20	true
FUN_00038bf4	00038bf4	52	true
FUN_00038c28	00038c28	52	true
FUN_00038ce8	00038ce8	116	true
FUN_00038d5c	00038d5c	68	true
FUN_00038d90	00038d90	68	true
FUN_00038dc4	00038dc4	240	true
FUN_00038eb4	00038eb4	328	true
FUN_00038ffc	00038ffc	172	true
FUN_000390a8	000390a8	232	true
FUN_000392a4	000392a4	696	true
FUN_00039570	00039570	152	true
FUN_00039608	00039608	1236	true
FUN_00039af8	00039af8	72	true
FUN_00039b40	00039b40	60	true
FUN_00039b7c	00039b7c	88	true
FUN_00039bd4	00039bd4	160	true
FUN_00039c74	00039c74	296	true
FUN_00039d9c	00039d9c	912	true
FUN_0003a140	0003a140	540	true
FUN_0003a43c	0003a43c	104	true
FUN_0003a4b0	0003a4b0	120	true
FUN_0003a540	0003a540	56	true
FUN_0003a578	0003a578	172	true
FUN_0003a624	0003a624	216	true
FUN_0003a6fc	0003a6fc	76	true
FUN_0003a748	0003a748	300	true
FUN_0003a874	0003a874	584	true
FMOD::EventParameterI::getInfo	0003aac8	120	true
FMOD::EventParameterI::getValue	0003ab40	76	true
FMOD::EventParameterI::setVelocity	0003ab8c	68	true
FMOD::EventParameterI::getVelocity	0003abd0	28	true
FMOD::EventParameterI::getSeekSpeed	0003abec	28	true
FMOD::EventParameterI::setUserData	0003ac08	12	true
FMOD::EventParameterI::getUserData	0003ac14	24	true
FMOD::EventParameterI::keyOff	0003ac2c	60	true
FMOD::EventParameterI::disableAutomation	0003ac68	76	true
FMOD::EventParameterI::getRange	0003acb4	32	true
FUN_0003acd4	0003acd4	72	true
FUN_0003ad1c	0003ad1c	208	true
FMOD::EventParameter::getMemoryInfo	0003adf4	84	true
FMOD::EventParameter::disableAutomation	0003ae48	60	true
FMOD::EventParameter::keyOff	0003ae84	52	true
FMOD::EventParameter::getUserData	0003aeb8	60	true
FMOD::EventParameter::setUserData	0003aef4	60	true
FMOD::EventParameter::getSeekSpeed	0003af30	60	true
FMOD::EventParameter::setSeekSpeed	0003af6c	60	true
FMOD::EventParameter::getVelocity	0003afa8	60	true
FMOD::EventParameter::setVelocity	0003afe4	60	true
FMOD::EventParameter::getValue	0003b020	60	true
FMOD::EventParameter::setValue	0003b05c	60	true
FMOD::EventParameter::getRange	0003b098	68	true
FMOD::EventParameter::getInfo	0003b0dc	68	true
FUN_0003b1d0	0003b1d0	112	true
FUN_0003b250	0003b250	300	true
FUN_0003b388	0003b388	44	true
FMOD::EventParameterI::getMemoryInfo	0003b3b8	196	true
FUN_0003b47c	0003b47c	16	true
FMOD::EventParameterI::setSeekSpeed	0003b48c	76	true
FUN_0003b4d8	0003b4d8	2916	true
FMOD::EventParameterI::setValue	0003c078	448	true
FUN_0003c240	0003c240	188	true
FUN_0003c308	0003c308	56	true
FUN_0003c344	0003c344	376	true
FUN_0003c4e0	0003c4e0	292	true
FUN_0003c730	0003c730	36	true
FUN_0003c754	0003c754	148	true
FUN_0003c7e8	0003c7e8	204	true
FUN_0003c8c0	0003c8c0	304	true
FUN_0003c9f0	0003c9f0	176	true
FMOD::EventProjectI::getNumGroups	0003caa0	64	true
FMOD::EventProjectI::getNumEvents	0003cae0	24	true
FMOD::EventProjectI::stopAllEvents	0003caf8	132	true
FMOD::EventProjectI::setUserData	0003cb7c	12	true
FMOD::EventProjectI::getUserData	0003cb88	24	true
FUN_0003cba4	0003cba4	20	true
FUN_0003cbb8	0003cbb8	480	true
FMOD::EventProjectI::getMemoryInfo	0003cd98	196	true
FMOD::EventProjectI::cancelAllLoads	0003ce5c	4	true
FUN_0003ce60	0003ce60	312	true
FUN_0003cfa0	0003cfa0	316	true
FUN_0003d0fc	0003d0fc	664	true
FMOD::EventProjectI::getEventByProjectID	0003d3b0	120	true
FMOD::EventProjectI::getEvent	0003d42c	268	true
FMOD::EventProjectI::getGroup	0003d538	352	true
FUN_0003d698	0003d698	120	true
FMOD::EventProjectI::getInfo	0003d710	520	true
FUN_0003d91c	0003d91c	112	true
FUN_0003d98c	0003d98c	128	true
FUN_0003da0c	0003da0c	284	true
FUN_0003db30	0003db30	92	true
FUN_0003db8c	0003db8c	480	true
FUN_0003dc2c	0003dc2c	1116	true
FMOD::EventProjectI::loadSampleData	0003e0a8	1568	true
FMOD::EventProjectI::getGroupByIndex	0003e760	180	true
FMOD::EventProjectI::release	0003e814	1212	true
FUN_0003ee30	0003ee30	76	true
FUN_0003ee88	0003ee88	68	true
FUN_0003eecc	0003eecc	268	true
FUN_0003efdc	0003efdc	120	true
FUN_0003f058	0003f058	132	true
FUN_0003f0e8	0003f0e8	76	true
FUN_0003f138	0003f138	20	true
FMOD::EventQueueEntryI::getInfoOnlyEvent	0003f14c	24	true
FMOD::EventQueueEntryI::getRealEvent	0003f164	24	true
FMOD::EventQueueEntryI::setPriority	0003f17c	12	true
FMOD::EventQueueEntryI::getPriority	0003f188	24	true
FMOD::EventQueueEntryI::setExpiryTime	0003f1a0	12	true
FMOD::EventQueueEntryI::getExpiryTime	0003f1ac	24	true
FMOD::EventQueueEntryI::setDelayTime	0003f1c4	12	true
FMOD::EventQueueEntryI::getDelayTime	0003f1d0	24	true
FMOD::EventQueueEntryI::setInterrupt	0003f1e8	28	true
FMOD::EventQueueEntryI::getInterrupt	0003f204	32	true
FMOD::EventQueueEntryI::setCrossfadeTime	0003f224	8	true
FMOD::EventQueueEntryI::getCrossfadeTime	0003f22c	20	true
FMOD::EventQueueEntryI::setUserData	0003f240	12	true
FMOD::EventQueueEntryI::getUserData	0003f24c	24	true
FUN_0003f26c	0003f26c	96	true
FUN_0003f2d0	0003f2d0	8	true
FUN_0003f2d8	0003f2d8	48	true
FUN_0003f308	0003f308	92	true
FUN_0003f364	0003f364	72	true
FUN_0003f3ac	0003f3ac	72	true
FMOD::EventQueueI::add	0003f3f4	504	true
FMOD::EventQueueI::remove	0003f5ec	40	true
FMOD::EventQueueI::removeHead	0003f614	64	true
FMOD::EventQueueI::findFirstEntry	0003f654	48	true
FMOD::EventQueueI::findNextEntry	0003f684	88	true
FMOD::EventQueueI::getPaused	0003f6dc	28	true
FMOD::EventQueueI::excludeDuckingCategory	0003f6f8	8	true
FMOD::EventQueueI::setCallback	0003f700	16	true
FMOD::EventQueueI::setUserData	0003f710	12	true
FMOD::EventQueueI::getUserData	0003f71c	24	true
FMOD::EventQueueI::dump	0003f734	96	true
FUN_0003f7a4	0003f7a4	20	true
FUN_0003f7b8	0003f7b8	20	true
FMOD::EventQueueI::getMemoryInfo	0003f7cc	196	true
FMOD::EventQueueEntryI::getMemoryInfo	0003f890	196	true
FMOD::EventQueueI::setPaused	0003f954	180	true
FMOD::EventQueueI::clear	0003fa08	148	true
FUN_0003fa9c	0003fa9c	924	true
FMOD::EventQueueEntryI::release	0003fe38	88	true
FUN_0003fe98	0003fe98	88	true
FMOD::EventQueueI::includeDuckingCategory	0003fef8	200	true
FMOD::EventQueueI::release	0003ffc8	168	true
FUN_000400e4	000400e4	84	true
FUN_000403e8	000403e8	200	true
FUN_000404b8	000404b8	100	true
FUN_000406c0	000406c0	72	true
FUN_00040708	00040708	144	true
FUN_0004079c	0004079c	40	true
FUN_000407c4	000407c4	180	true
FUN_00040884	00040884	44	true
FUN_000408b0	000408b0	256	true
FUN_00040a54	00040a54	352	true
FUN_00040bb4	00040bb4	60	true
FUN_00040bf0	00040bf0	612	true
FUN_00040e54	00040e54	396	true
FUN_00040fe4	00040fe4	552	true
FUN_0004121c	0004121c	284	true
FUN_00041338	00041338	152	true
FUN_000413d0	000413d0	152	true
FUN_00041468	00041468	124	true
FUN_000414e4	000414e4	124	true
FUN_00041560	00041560	124	true
FUN_000415dc	000415dc	132	true
FUN_00041660	00041660	272	true
FUN_00041770	00041770	124	true
FUN_000417ec	000417ec	132	true
FUN_00041874	00041874	460	true
FUN_00041a48	00041a48	248	true
FUN_00041b44	00041b44	256	true
FUN_0004263c	0004263c	176	true
FUN_000426ec	000426ec	168	true
FUN_00042ad0	00042ad0	340	true
FUN_00042c24	00042c24	72	true
FUN_00042c6c	00042c6c	128	true
FUN_00042cec	00042cec	4428	true
FUN_00043ea0	00043ea0	272	true
FUN_00043fb0	00043fb0	4744	true
FUN_00045248	00045248	120	true
FUN_000452c0	000452c0	268	true
FUN_000453cc	000453cc	132	true
FUN_00045610	00045610	188	true
FUN_000458ac	000458ac	2212	true
FUN_00046178	00046178	3172	true
FUN_00046e3c	00046e3c	3708	true
FUN_00047d00	00047d00	1284	true
FUN_0004827c	0004827c	32	true
FUN_00048624	00048624	40	true
FUN_0004864c	0004864c	204	true
FUN_0004880c	0004880c	404	true
FUN_000489b0	000489b0	544	true
FUN_00048c98	00048c98	200	true
FUN_00048d64	00048d64	232	true
FUN_00049720	00049720	112	true
FUN_000498c8	000498c8	552	true
FUN_00049b00	00049b00	2584	true
FUN_0004a544	0004a544	508	true
FUN_0004a758	0004a758	316	true
FUN_0004a900	0004a900	40	true
FUN_0004a92c	0004a92c	124	true
FUN_0004a9a8	0004a9a8	40	true
FUN_0004a9d0	0004a9d0	168	true
FUN_0004aa98	0004aa98	40	true
FUN_0004aac0	0004aac0	264	true
FUN_0004abc8	0004abc8	156	true
FUN_0004ac64	0004ac64	276	true
FUN_0004ad88	0004ad88	232	true
FUN_0004b098	0004b098	112	true
FUN_0004b110	0004b110	44	true
FUN_0004b140	0004b140	12	true
FMOD::EventReverbI::setUserData	0004b14c	12	true
FMOD::EventReverbI::getUserData	0004b158	24	true
FUN_0004b174	0004b174	20	true
FUN_0004b188	0004b188	76	true
FMOD::EventReverbI::getMemoryInfo	0004b1d4	196	true
FMOD::EventReverbI::getActive	0004b298	36	true
FMOD::EventReverbI::setActive	0004b2b0	36	true
FMOD::EventReverbI::get3DAttributes	0004b2c8	36	true
FMOD::EventReverbI::set3DAttributes	0004b2e0	36	true
FMOD::EventReverbI::getProperties	0004b2f8	36	true
FMOD::EventReverbI::setProperties	0004b310	36	true
FMOD::EventReverbI::release	0004b328	108	true
FUN_0004b39c	0004b39c	144	true
FUN_0004b43c	0004b43c	36	true
FUN_0004b44c	0004b44c	76	true
FMOD::EventSystem::getMemoryInfo	0004b498	84	true
FMOD::EventSystem::unloadFSB	0004b4ec	68	true
FMOD::EventSystem::preloadFSB	0004b530	84	true
FMOD::EventSystem::getUserData	0004b584	60	true
FMOD::EventSystem::setUserData	0004b5c0	60	true
FMOD::EventSystem::get3DListenerAttributes	0004b5fc	92	true
FMOD::EventSystem::set3DListenerAttributes	0004b658	92	true
FMOD::EventSystem::get3DNumListeners	0004b6b4	60	true
FMOD::EventSystem::set3DNumListeners	0004b6f0	60	true
FMOD::EventSystem::createEventQueueEntry	0004b72c	68	true
FMOD::EventSystem::createEventQueue	0004b770	60	true
FMOD::EventSystem::getReverbAmbientProperties	0004b7ac	60	true
FMOD::EventSystem::setReverbAmbientProperties	0004b7e8	60	true
FMOD::EventSystem::createReverb	0004b824	60	true
FMOD::EventSystem::getNumReverbPresets	0004b860	60	true
FMOD::EventSystem::getReverbPresetByIndex	0004b89c	76	true
FMOD::EventSystem::getReverbPreset	0004b8e8	76	true
FMOD::EventSystem::getReverbProperties	0004b934	60	true
FMOD::EventSystem::setReverbProperties	0004b970	60	true
FMOD::EventSystem::getNumEvents	0004b9ac	60	true
FMOD::EventSystem::getEventByGUIDString	0004b9e8	76	true
FMOD::EventSystem::getEventByGUID	0004ba34	76	true
FMOD::EventSystem::getEventBySystemID	0004ba80	76	true
FMOD::EventSystem::getEvent	0004bacc	76	true
FMOD::EventSystem::getGroup	0004bb18	76	true
FMOD::EventSystem::getNumCategories	0004bb64	60	true
FMOD::EventSystem::getMusicCategory	0004bba0	60	true
FMOD::EventSystem::getCategoryByIndex	0004bbdc	68	true
FMOD::EventSystem::getCategory	0004bc20	68	true
FMOD::EventSystem::getNumProjects	0004bc64	60	true
FMOD::EventSystem::getProjectByIndex	0004bca0	68	true
FMOD::EventSystem::getProject	0004bce4	68	true
FMOD::EventSystem::unload	0004bd28	52	true
FMOD::EventSystem::load	0004bd5c	76	true
FMOD::EventSystem::registerDSP	0004bda8	68	true
FMOD::EventSystem::getLanguage	0004bdec	60	true
FMOD::EventSystem::setLanguage	0004be28	60	true
FMOD::EventSystem::getMusicSystem	0004be64	60	true
FMOD::EventSystem::getSystemObject	0004bea0	60	true
FMOD::EventSystem::getInfo	0004bedc	60	true
FMOD::EventSystem::getVersion	0004bf18	60	true
FMOD::EventSystem::setPluginPath	0004bf54	60	true
FMOD::EventSystem::setMediaPath	0004bf90	60	true
FMOD::EventSystem::update	0004bfcc	52	true
FMOD::EventSystem::release	0004c000	52	true
FMOD::EventSystem::init	0004c034	84	true
FUN_0004c160	0004c160	32	true
FUN_0004c180	0004c180	124	true
FUN_0004c1fc	0004c1fc	72	true
FUN_0004c244	0004c244	20	true
FUN_0004c38c	0004c38c	112	true
FUN_0004c3fc	0004c3fc	372	true
FUN_0004c7dc	0004c7dc	92	true
FUN_0004c99c	0004c99c	36	true
FUN_0004c9c0	0004c9c0	36	true
FUN_0004ca48	0004ca48	36	true
FUN_0004cc04	0004cc04	272	true
FUN_0004cd14	0004cd14	76	true
FUN_0004cd60	0004cd60	168	true
FUN_0004ce08	0004ce08	196	true
FUN_0004cecc	0004cecc	116	true
FUN_0004cf40	0004cf40	76	true
FUN_0004cfb4	0004cfb4	92	true
FUN_0004d010	0004d010	1212	true
FUN_0004d4cc	0004d4cc	196	true
FUN_0004d590	0004d590	156	true
FUN_0004d684	0004d684	132	true
FUN_0004d70c	0004d70c	160	true
FUN_0004d7ac	0004d7ac	80	true
FUN_0004d7fc	0004d7fc	384	true
FUN_0004d97c	0004d97c	48	true
FUN_0004d9ac	0004d9ac	240	true
FUN_0004da9c	0004da9c	252	true
FUN_0004dba0	0004dba0	492	true
FUN_0004e098	0004e098	344	true
FUN_0004e1f4	0004e1f4	104	true
FUN_0004e25c	0004e25c	1048	true
FUN_0004e674	0004e674	308	true
FUN_0004e7b0	0004e7b0	256	true
FUN_0004e8b8	0004e8b8	1380	true
FUN_0004ee64	0004ee64	508	true
FUN_0004f1c8	0004f1c8	368	true
FUN_0004f338	0004f338	152	true
FUN_0004f684	0004f684	188	true
FUN_0004f82c	0004f82c	360	true
FUN_0004f9f4	0004f9f4	136	true
FUN_0004fbe0	0004fbe0	20	true
FUN_0004fc18	0004fc18	96	true
FUN_0004fc78	0004fc78	824	true
FUN_0004fd3c	0004fd3c	1168	true
FUN_000501d0	000501d0	464	true
FUN_000503a4	000503a4	412	true
FUN_00050548	00050548	664	true
FUN_000509dc	000509dc	836	true
FUN_00050dc0	00050dc0	100	true
FUN_00050e30	00050e30	516	true
FUN_0005103c	0005103c	124	true
FUN_00051204	00051204	1348	true
FUN_00051794	00051794	652	true
FUN_00051a30	00051a30	7400	true
FUN_000537ac	000537ac	136	true
FUN_00053834	00053834	852	true
FUN_00053b9c	00053b9c	684	true
FUN_00053f20	00053f20	164	true
FUN_00053fd0	00053fd0	72	true
FUN_0005401c	0005401c	16	true
FUN_0005402c	0005402c	116	true
FUN_000540a0	000540a0	52	true
FUN_000540d4	000540d4	72	true
FUN_0005411c	0005411c	68	true
FUN_00054160	00054160	20	true
FUN_00054174	00054174	108	true
FUN_000541e0	000541e0	112	true
FUN_00054250	00054250	84	true
FUN_000542b0	000542b0	36	true
FUN_00054420	00054420	76	true
FUN_0005446c	0005446c	264	true
FUN_00054574	00054574	204	true
FUN_00054640	00054640	304	true
FUN_00054770	00054770	116	true
FUN_000547e4	000547e4	128	true
FUN_00054864	00054864	120	true
FUN_000548dc	000548dc	112	true
FUN_0005494c	0005494c	1064	true
FUN_00054d7c	00054d7c	144	true
FUN_00054e0c	00054e0c	144	true
FUN_00054e9c	00054e9c	268	true
FUN_00054fa8	00054fa8	484	true
FUN_00055194	00055194	216	true
FUN_0005526c	0005526c	124	true
FUN_000552e8	000552e8	268	true
FUN_000553f4	000553f4	196	true
FUN_000554b8	000554b8	288	true
FUN_000555e8	000555e8	388	true
FUN_0005577c	0005577c	476	true
FUN_00055958	00055958	288	true
FUN_00055a7c	00055a7c	324	true
FUN_00055bc4	00055bc4	1428	true
FUN_00056160	00056160	164	true
FUN_00056218	00056218	312	true
FUN_000563c4	000563c4	48	true
FUN_000563f8	000563f8	36	true
FUN_00056408	00056408	132	true
FUN_0005648c	0005648c	124	true
FUN_00056508	00056508	252	true
FUN_00056620	00056620	592	true
FUN_00056a68	00056a68	68	true
FUN_00056aac	00056aac	20	true
FUN_00056ac0	00056ac0	32	true
FUN_00056ae0	00056ae0	40	true
FUN_00056b0c	00056b0c	68	true
FUN_00056b50	00056b50	140	true
FUN_00056bdc	00056bdc	44	true
FUN_00056c08	00056c08	72	true
FUN_00056c58	00056c58	32	true
FUN_00056c78	00056c78	20	true
FUN_00056c8c	00056c8c	24	true
FUN_00056ca4	00056ca4	32	true
FUN_00056d24	00056d24	8	true
FUN_00056d60	00056d60	60	true
FUN_00056da0	00056da0	60	true
FUN_00056ddc	00056ddc	300	true
FUN_00056f14	00056f14	56	true
FUN_00056f54	00056f54	112	true
FUN_00056fc8	00056fc8	16	true
FUN_00057000	00057000	8	true
FUN_00057008	00057008	76	true
FUN_00057140	00057140	64	true
FUN_00057180	00057180	104	true
FUN_000571e8	000571e8	104	true
FUN_00057250	00057250	80	true
FUN_0005726c	0005726c	104	true
FUN_000572d4	000572d4	32	true
FUN_000572f4	000572f4	84	true
FUN_00057348	00057348	164	true
FUN_000573f4	000573f4	172	true
FUN_000574a8	000574a8	232	true
FUN_00057604	00057604	120	true
FUN_000576f4	000576f4	56	true
FUN_00057734	00057734	80	true
FUN_000577d8	000577d8	52	true
FUN_000577e8	000577e8	156	true
FUN_00057884	00057884	212	true
FUN_00057938	00057938	68	true
FUN_00057a00	00057a00	124	true
FUN_00057a08	00057a08	148	true
FUN_00057aa4	00057aa4	8	true
FUN_00057aac	00057aac	488	true
FUN_00057ca4	00057ca4	200	true
FUN_00057d78	00057d78	468	true
FUN_00057f54	00057f54	740	true
FUN_00058244	00058244	504	true
FUN_0005843c	0005843c	604	true
FUN_00058754	00058754	8	true
FUN_0005875c	0005875c	648	true
FUN_000589e4	000589e4	244	true
FUN_00058ad8	00058ad8	208	true
FMOD::MusicPromptI::begin	00058c68	16	true
FMOD::MusicPromptI::end	00058c78	16	true
FMOD::MusicPromptI::isActive	00058c88	24	true
FUN_00058ca0	00058ca0	44	true
FUN_00058cd0	00058cd0	128	true
FUN_00058d78	00058d78	36	true
FUN_00058da0	00058da0	12	true
FUN_00058dac	00058dac	16	true
FMOD::MusicSystemI::setReverbProperties	00058dbc	48	true
FMOD::MusicSystemI::getReverbProperties	00058dec	48	true
FUN_00058e24	00058e24	20	true
FUN_00058e38	00058e38	20	true
FUN_00058e4c	00058e4c	76	true
FMOD::MusicSystemI::getMemoryInfo	00058eb8	196	true
FMOD::MusicPromptI::getMemoryInfo	00058f7c	196	true
FMOD::MusicSystemI::setCallback	00059040	40	true
FMOD::MusicSystemI::freeSoundData	00059058	52	true
FMOD::MusicSystemI::loadSoundData	0005908c	60	true
FMOD::MusicSystemI::setParameterValue	000590c8	92	true
FMOD::MusicSystemI::getParameterValue	00059124	112	true
FMOD::MusicSystemI::getNextParameter	00059198	128	true
FMOD::MusicSystemI::getParameters	00059218	108	true
FMOD::MusicSystemI::getNextCue	00059284	128	true
FMOD::MusicSystemI::getCues	00059304	108	true
FMOD::MusicSystemI::prepareCue	00059370	188	true
FMOD::MusicSystemI::promptCue	00059434	212	true
FMOD::MusicSystemI::getInfo	0005944c	80	true
FMOD::MusicSystemI::getMute	0005949c	36	true
FMOD::MusicSystemI::setMute	000594ac	16	true
FMOD::MusicSystemI::getPaused	000594bc	40	true
FMOD::MusicSystemI::setPaused	000594cc	112	true
FMOD::MusicSystemI::getVolume	000594dc	16	true
FMOD::MusicSystemI::setVolume	000594ec	24	true
FMOD::MusicSystemI::reset	000594fc	64	true
FUN_0005953c	0005953c	132	true
FMOD::MusicPromptI::release	0005954c	48	true
FMOD::CuePrompt::release	00059584	4	true
FUN_00059588	00059588	128	true
FUN_00059610	00059610	68	true
FUN_0005965c	0005965c	16	true
FUN_0005966c	0005966c	336	true
FUN_000597cc	000597cc	248	true
FUN_000599ac	000599ac	68	true
FUN_000599f0	000599f0	72	true
FUN_00059af4	00059af4	216	true
FMOD::CuePrompt::end	00059bcc	112	true
FMOD::CuePrompt::begin	00059c30	200	true
FUN_00059d34	00059d34	104	true
FUN_00059d9c	00059d9c	236	true
FUN_00059eec	00059eec	104	true
FUN_00059f54	00059f54	116	true
FUN_00059fc8	00059fc8	28	true
FUN_00059fe4	00059fe4	288	true
FUN_0005a104	0005a104	24	true
FUN_0005a11c	0005a11c	136	true
FUN_0005a2b8	0005a2b8	156	true
FUN_0005a35c	0005a35c	40	true
FUN_0005a388	0005a388	100	true
FUN_0005a3ec	0005a3ec	80	true
FUN_0005a43c	0005a43c	28	true
FUN_0005a458	0005a458	64	true
FUN_0005a498	0005a498	100	true
FUN_0005a504	0005a504	32	true
FUN_0005a524	0005a524	36	true
FUN_0005a548	0005a548	36	true
FUN_0005a6bc	0005a6bc	44	true
FUN_0005a72c	0005a72c	44	true
FUN_0005a8cc	0005a8cc	68	true
FUN_0005a910	0005a910	40	true
FUN_0005a938	0005a938	60	true
FUN_0005a990	0005a990	28	true
FUN_0005a9ac	0005a9ac	36	true
FUN_0005a9d0	0005a9d0	40	true
FUN_0005a9f8	0005a9f8	32	true
FUN_0005aa18	0005aa18	28	true
FUN_0005aa34	0005aa34	88	true
FUN_0005aa90	0005aa90	16	true
FUN_0005aad4	0005aad4	20	true
FUN_0005aae8	0005aae8	56	true
FUN_0005ab20	0005ab20	68	true
FUN_0005ab64	0005ab64	56	true
FUN_0005aba0	0005aba0	20	true
FUN_0005abe4	0005abe4	44	true
FUN_0005abf4	0005abf4	96	true
FUN_0005ac54	0005ac54	56	true
FUN_0005ac8c	0005ac8c	48	true
FUN_0005aca4	0005aca4	124	true
FUN_0005ad20	0005ad20	252	true
FUN_0005ad50	0005ad50	256	true
FUN_0005ad60	0005ad60	68	true
FUN_0005ad70	0005ad70	320	true
FUN_0005aeb0	0005aeb0	136	true
FUN_0005aedc	0005aedc	184	true
FUN_0005af00	0005af00	260	true
FUN_0005b00c	0005b00c	616	true
FUN_0005b278	0005b278	16	true
FUN_0005b288	0005b288	96	true
FUN_0005b2e8	0005b2e8	660	true
FUN_0005b390	0005b390	188	true
FUN_0005b44c	0005b44c	444	true
FUN_0005b464	0005b464	60	true
FUN_0005b4a0	0005b4a0	32	true
FUN_0005b4fc	0005b4fc	64	true
FUN_0005b53c	0005b53c	436	true
FUN_0005b6f4	0005b6f4	384	true
FUN_0005b880	0005b880	732	true
FUN_0005bb5c	0005bb5c	56	true
FUN_0005bb9c	0005bb9c	68	true
FUN_0005bbe8	0005bbe8	88	true
FUN_0005bc40	0005bc40	68	true
FUN_0005bc8c	0005bc8c	196	true
FUN_0005bd50	0005bd50	60	true
FUN_0005bd8c	0005bd8c	540	true
FUN_0005bf74	0005bf74	164	true
FUN_0005c018	0005c018	280	true
FUN_0005c140	0005c140	108	true
FUN_0005c1b4	0005c1b4	192	true
FUN_0005c278	0005c278	172	true
FUN_0005c324	0005c324	48	true
FUN_0005c354	0005c354	32	true
FUN_0005c3e4	0005c3e4	48	true
FUN_0005c53c	0005c53c	340	true
FUN_0005c634	0005c634	88	true
FUN_0005c7c8	0005c7c8	292	true
FUN_0005c9b4	0005c9b4	48	true
FUN_0005c9e8	0005c9e8	160	true
FUN_0005ca90	0005ca90	104	true
FUN_0005caf8	0005caf8	108	true
FUN_0005cb64	0005cb64	164	true
FUN_0005cc08	0005cc08	8	true
FUN_0005cc10	0005cc10	20	true
_INIT_0	0005cc24	64	true
FUN_0005cc6c	0005cc6c	36	true
FUN_0005cc7c	0005cc7c	344	true
FUN_0005cdd4	0005cdd4	60	true
FUN_0005ce10	0005ce10	448	true
FUN_0005cfe4	0005cfe4	560	true
FUN_0005d214	0005d214	184	true
FUN_0005d2d4	0005d2d4	240	true
FUN_0005d3e8	0005d3e8	544	true
FUN_0005d648	0005d648	340	true
FUN_0005d79c	0005d79c	660	true
FUN_0005da38	0005da38	852	true
FUN_0005dd94	0005dd94	104	true
FUN_0005ddfc	0005ddfc	524	true
FUN_0005e008	0005e008	732	true
FUN_0005e300	0005e300	1080	true
FUN_0005e738	0005e738	128	true
FUN_0005e7b8	0005e7b8	344	true
FUN_0005e918	0005e918	52	true
FUN_0005e94c	0005e94c	576	true
FUN_0005ee0c	0005ee0c	672	true
FUN_0005ee44	0005ee44	288	true
FUN_0005ef74	0005ef74	276	true
FUN_0005f088	0005f088	388	true
FUN_0005f214	0005f214	320	true
FUN_0005f354	0005f354	516	true
FUN_0005f57c	0005f57c	1360	true
FUN_0005fcd4	0005fcd4	32	true
FUN_0005fcf4	0005fcf4	36	true
FUN_0005fd1c	0005fd1c	20	true
FUN_0005fd30	0005fd30	20	true
FUN_0005fd44	0005fd44	112	true
FUN_0005fdb4	0005fdb4	156	true
FUN_0005fe50	0005fe50	160	true
FUN_0005fef8	0005fef8	24	true
FUN_0005ff10	0005ff10	32	true
FUN_0005ff30	0005ff30	64	true
FUN_0005ff78	0005ff78	12	true
FUN_0005ff84	0005ff84	20	true
FUN_0005ff98	0005ff98	20	true
FUN_0005ffac	0005ffac	20	true
FUN_0005ffc0	0005ffc0	48	true
FUN_0005fff0	0005fff0	40	true
FUN_00060018	00060018	156	true
FUN_0006002c	0006002c	256	true
FUN_0006013c	0006013c	56	true
FUN_0006017c	0006017c	36	true
FUN_0006018c	0006018c	172	true
FUN_000601e8	000601e8	272	true
FUN_00060308	00060308	508	true
FUN_0006052c	0006052c	160	true
FUN_000605d4	000605d4	880	true
FUN_00060944	00060944	396	true
FUN_00060ae8	00060ae8	32	true
FMOD_Debug_SetLevel	00060b08	8	true
FMOD_Debug_GetLevel	00060b10	24	true
FMOD_Debug_SetMode	00060b28	8	true
FMOD_Debug_GetMode	00060b30	16	true
FUN_00060bc0	00060bc0	40	true
FMOD_File_GetDiskBusy	00060be8	40	true
FUN_00060c14	00060c14	48	true
FUN_00060c48	00060c48	28	true
FUN_00060c64	00060c64	392	true
FUN_00060dec	00060dec	44	true
FUN_00060e3c	00060e3c	48	true
FMOD_File_SetDiskBusy	00060e6c	84	true
FUN_00060ec8	00060ec8	204	true
FUN_00060f94	00060f94	908	true
FUN_00061324	00061324	716	true
FUN_000615f4	000615f4	1236	true
FUN_00061ac8	00061ac8	200	true
FUN_00061b90	00061b90	564	true
FUN_00061dd4	00061dd4	116	true
FUN_00061e50	00061e50	296	true
FUN_00061fe0	00061fe0	84	true
FUN_00062020	00062020	184	true
FUN_000620d8	000620d8	36	true
FUN_000620fc	000620fc	164	true
FUN_00062244	00062244	48	true
FUN_0006232c	0006232c	140	true
FUN_000623f8	000623f8	84	true
FUN_0006257c	0006257c	48	true
FUN_000625ac	000625ac	516	true
FUN_000627b0	000627b0	372	true
FUN_0006292c	0006292c	704	true
FUN_00062bfc	00062bfc	36	true
FUN_00062c20	00062c20	1800	true
FUN_00063328	00063328	568	true
FUN_00063560	00063560	32	true
FUN_00063580	00063580	20	true
FUN_00063594	00063594	40	true
FUN_000635bc	000635bc	28	true
FUN_000635d8	000635d8	36	true
FUN_000635fc	000635fc	64	true
FUN_0006363c	0006363c	96	true
FUN_0006369c	0006369c	48	true
FUN_000636cc	000636cc	48	true
FUN_000636fc	000636fc	60	true
FUN_00063738	00063738	92	true
FUN_00063794	00063794	104	true
FUN_000637fc	000637fc	80	true
FUN_0006384c	0006384c	160	true
FUN_000638ec	000638ec	108	true
FUN_00063958	00063958	124	true
FUN_000639dc	000639dc	44	true
FUN_00063a08	00063a08	36	true
FUN_00063a2c	00063a2c	60	true
FUN_00063a68	00063a68	196	true
FUN_00063b3c	00063b3c	8	true
FUN_00063b44	00063b44	40	true
FUN_00063b6c	00063b6c	40	true
FUN_00063b94	00063b94	60	true
FUN_00063bd8	00063bd8	40	true
FUN_00063c00	00063c00	40	true
FUN_00063c28	00063c28	92	true
FUN_00063c8c	00063c8c	312	true
FUN_00063ddc	00063ddc	24	true
FUN_00063df4	00063df4	24	true
FUN_00063e0c	00063e0c	100	true
FUN_00063ea4	00063ea4	76	true
FUN_00063ef0	00063ef0	32	true
FUN_00063f10	00063f10	104	true
FUN_00063f78	00063f78	140	true
FUN_00064074	00064074	12	true
FUN_00064080	00064080	1680	true
FUN_000646b0	000646b0	2632	true
__aeabi_uidiv	000650f8	172	true
__aeabi_uidivmod	000651a4	24	true
__aeabi_idiv	000651bc	220	true
__aeabi_idivmod	00065298	24	true
__aeabi_frsub	000652b0	8	true
__aeabi_fsub	000652b8	4	true
__addsf3	000652bc	400	true
__floatunsisf	0006544c	8	true
__aeabi_i2f	00065454	32	true
__floatundisf	00065474	16	true
__floatdisf	00065484	124	true
__aeabi_uldivmod	00065500	28	true
__div0	0006551c	16	true
__fixunssfdi	0006552c	104	true
__gnu_uldivmod_helper	0006559c	68	true
__gnu_ldivmod_helper	000655e0	68	true
_Unwind_VRS_Get	00065624	76	true
_Unwind_VRS_Set	00065670	76	true
FUN_000656bc	000656bc	24	true
_Unwind_GetCFA	000656d4	8	true
_Unwind_Complete	000656dc	4	true
_Unwind_DeleteException	000656e0	32	true
__aeabi_unwind_cpp_pr2	00065b94	8	true
__aeabi_unwind_cpp_pr1	00065b9c	1176	true
__aeabi_unwind_cpp_pr0	00065ba4	8	true
FUN_00065bac	00065bac	436	true
FUN_00065d7c	00065d7c	108	true
__gnu_Unwind_Backtrace	00065de8	212	true
FUN_00065ebc	00065ebc	284	true
__gnu_Unwind_ForcedUnwind	00065fd8	28	true
FUN_00065ff4	00065ff4	88	true
__gnu_Unwind_RaiseException	0006604c	164	true
__gnu_Unwind_Resume_or_Rethrow	000660f0	32	true
__gnu_Unwind_Resume	00066110	108	true
_Unwind_VRS_Pop	0006617c	876	true
restore_core_regs	000664e8	20	true
__gnu_Unwind_Restore_VFP	000664fc	8	true
__gnu_Unwind_Save_VFP	00066504	8	true
__gnu_Unwind_Restore_VFP_D	0006650c	8	true
__gnu_Unwind_Save_VFP_D	00066514	8	true
__gnu_Unwind_Restore_VFP_D_16_to_31	0006651c	8	true
__gnu_Unwind_Save_VFP_D_16_to_31	00066524	8	true
__gnu_Unwind_Restore_WMMXD	0006652c	68	true
__gnu_Unwind_Save_WMMXD	00066570	68	true
__gnu_Unwind_Restore_WMMXC	000665b4	20	true
__gnu_Unwind_Save_WMMXC	000665c8	20	true
___Unwind_RaiseException	000665dc	36	true
___Unwind_Resume	00066600	36	true
_Unwind_Resume_or_Rethrow	00066624	36	true
_Unwind_ForcedUnwind	00066648	36	true
_Unwind_Backtrace	0006666c	36	true
FUN_00066690	00066690	88	true
_Unwind_GetTextRelBase	000666e8	8	true
_Unwind_GetDataRelBase	000666f0	8	true
_Unwind_GetLanguageSpecificData	000666f8	56	true
_Unwind_GetRegionStart	00066730	44	true
__gnu_unwind_execute	0006675c	888	true
__gnu_unwind_frame	00066ad4	64	true
__aeabi_drsub	00066b14	8	true
__aeabi_dsub	00066b1c	4	true
__aeabi_dadd	00066b20	684	true
__floatunsidf	00066dcc	36	true
__aeabi_i2d	00066df0	40	true
__extendsfdf2	00066e18	64	true
__aeabi_ul2d	00066e58	20	true
__aeabi_l2d	00066e6c	96	true
__aeabi_dmul	00066ecc	404	true
FUN_000670ac	000670ac	216	true
__aeabi_ddiv	00067138	396	true
FUN_000672cc	000672cc	112	true
__aeabi_d2uiz	0006733c	84	true
__divdi3	00067390	1148	true
__udivdi3	0006780c	1036	true
